<?xml version="1.0" encoding="UTF-8"?>
<toc xmlns="http://www.w3.org/1999/xhtml" label="JVM Instruction Reference"
     topic="doc/about.html">
   <topic label="Opcodes" href="doc/opcodes.html"/>
   <topic label="aaload" href="doc/ref-aaload.html"/>
   <topic label="aastore" href="doc/ref-aastore.html"/>
   <topic label="aconst_null" href="doc/ref-aconst_null.html"/>
   <topic label="aload" href="doc/ref-aload.html"/>
   <topic label="aload_n" href="doc/ref-aload_n.html"/>
   <topic label="anewarray" href="doc/ref-anewarray.html"/>
   <topic label="areturn" href="doc/ref-areturn.html"/>
   <topic label="arraylength" href="doc/ref-arraylength.html"/>
   <topic label="astore" href="doc/ref-astore.html"/>
   <topic label="astore_n" href="doc/ref-astore_n.html"/>
   <topic label="athrow" href="doc/ref-athrow.html"/>
   <topic label="baload" href="doc/ref-baload.html"/>
   <topic label="bastore" href="doc/ref-bastore.html"/>
   <topic label="bipush" href="doc/ref-bipush.html"/>
   <topic label="breakpoint" href="doc/ref-breakpoint.html"/>
   <topic label="caload" href="doc/ref-caload.html"/>
   <topic label="castore" href="doc/ref-castore.html"/>
   <topic label="checkcast" href="doc/ref-checkcast.html"/>
   <topic label="d2f" href="doc/ref-d2f.html"/>
   <topic label="d2i" href="doc/ref-d2i.html"/>
   <topic label="d2l" href="doc/ref-d2l.html"/>
   <topic label="dadd" href="doc/ref-dadd.html"/>
   <topic label="daload" href="doc/ref-daload.html"/>
   <topic label="dastore" href="doc/ref-dastore.html"/>
   <topic label="dcmpg" href="doc/ref-dcmpg.html"/>
   <topic label="dcmpl" href="doc/ref-dcmpl.html"/>
   <topic label="dconst_d" href="doc/ref-dconst_d.html"/>
   <topic label="ddiv" href="doc/ref-ddiv.html"/>
   <topic label="dload" href="doc/ref-dload.html"/>
   <topic label="dload_n" href="doc/ref-dload_n.html"/>
   <topic label="dmul" href="doc/ref-dmul.html"/>
   <topic label="dneg" href="doc/ref-dneg.html"/>
   <topic label="drem" href="doc/ref-drem.html"/>
   <topic label="dreturn" href="doc/ref-dreturn.html"/>
   <topic label="dstore" href="doc/ref-dstore.html"/>
   <topic label="dstore_n" href="doc/ref-dstore_n.html"/>
   <topic label="dsub" href="doc/ref-dsub.html"/>
   <topic label="dup" href="doc/ref-dup.html"/>
   <topic label="dup2" href="doc/ref-dup2.html"/>
   <topic label="dup2_x1" href="doc/ref-dup2_x1.html"/>
   <topic label="dup2_x2" href="doc/ref-dup2_x2.html"/>
   <topic label="dup_x1" href="doc/ref-dup_x1.html"/>
   <topic label="dup_x2" href="doc/ref-dup_x2.html"/>
   <topic label="f2d" href="doc/ref-f2d.html"/>
   <topic label="f2i" href="doc/ref-f2i.html"/>
   <topic label="f2l" href="doc/ref-f2l.html"/>
   <topic label="fadd" href="doc/ref-fadd.html"/>
   <topic label="faload" href="doc/ref-faload.html"/>
   <topic label="fastore" href="doc/ref-fastore.html"/>
   <topic label="fcmpg" href="doc/ref-fcmpg.html"/>
   <topic label="fcmpl" href="doc/ref-fcmpl.html"/>
   <topic label="fconst_f" href="doc/ref-fconst_f.html"/>
   <topic label="fdiv" href="doc/ref-fdiv.html"/>
   <topic label="fload" href="doc/ref-fload.html"/>
   <topic label="fload_n" href="doc/ref-fload_n.html"/>
   <topic label="fmul" href="doc/ref-fmul.html"/>
   <topic label="fneg" href="doc/ref-fneg.html"/>
   <topic label="frem" href="doc/ref-frem.html"/>
   <topic label="freturn" href="doc/ref-freturn.html"/>
   <topic label="fstore" href="doc/ref-fstore.html"/>
   <topic label="fstore_n" href="doc/ref-fstore_n.html"/>
   <topic label="fsub" href="doc/ref-fsub.html"/>
   <topic label="getfield" href="doc/ref-getfield.html"/>
   <topic label="getstatic" href="doc/ref-getstatic.html"/>
   <topic label="goto" href="doc/ref-goto.html"/>
   <topic label="goto_w" href="doc/ref-goto_w.html"/>
   <topic label="i2b" href="doc/ref-i2b.html"/>
   <topic label="i2c" href="doc/ref-i2c.html"/>
   <topic label="i2d" href="doc/ref-i2d.html"/>
   <topic label="i2f" href="doc/ref-i2f.html"/>
   <topic label="i2l" href="doc/ref-i2l.html"/>
   <topic label="i2s" href="doc/ref-i2s.html"/>
   <topic label="iadd" href="doc/ref-iadd.html"/>
   <topic label="iaload" href="doc/ref-iaload.html"/>
   <topic label="iand" href="doc/ref-iand.html"/>
   <topic label="iastore" href="doc/ref-iastore.html"/>
   <topic label="iconst_m1" href="doc/ref-iconst_m1.html"/>
   <topic label="iconst_n" href="doc/ref-iconst_n.html"/>
   <topic label="idiv" href="doc/ref-idiv.html"/>
   <topic label="if_acmpeq" href="doc/ref-if_acmpeq.html"/>
   <topic label="if_acmpne" href="doc/ref-if_acmpne.html"/>
   <topic label="if_icmpeq" href="doc/ref-if_icmpeq.html"/>
   <topic label="if_icmpge" href="doc/ref-if_icmpge.html"/>
   <topic label="if_icmpgt" href="doc/ref-if_icmpgt.html"/>
   <topic label="if_icmple" href="doc/ref-if_icmple.html"/>
   <topic label="if_icmplt" href="doc/ref-if_icmplt.html"/>
   <topic label="if_icmpne" href="doc/ref-if_icmpne.html"/>
   <topic label="ifeq" href="doc/ref-ifeq.html"/>
   <topic label="ifge" href="doc/ref-ifge.html"/>
   <topic label="ifgt" href="doc/ref-ifgt.html"/>
   <topic label="ifle" href="doc/ref-ifle.html"/>
   <topic label="iflt" href="doc/ref-iflt.html"/>
   <topic label="ifne" href="doc/ref-ifne.html"/>
   <topic label="ifnonnull" href="doc/ref-ifnonnull.html"/>
   <topic label="ifnull" href="doc/ref-ifnull.html"/>
   <topic label="iinc" href="doc/ref-iinc.html"/>
   <topic label="iload" href="doc/ref-iload.html"/>
   <topic label="iload_n" href="doc/ref-iload_n.html"/>
   <topic label="impdep1" href="doc/ref-impdep1.html"/>
   <topic label="impdep2" href="doc/ref-impdep2.html"/>
   <topic label="imul" href="doc/ref-imul.html"/>
   <topic label="ineg" href="doc/ref-ineg.html"/>
   <topic label="instanceof" href="doc/ref-instanceof.html"/>
   <topic label="invokeinterface" href="doc/ref-invokeinterface.html"/>
   <topic label="invokespecial" href="doc/ref-invokespecial.html"/>
   <topic label="invokestatic" href="doc/ref-invokestatic.html"/>
   <topic label="invokevirtual" href="doc/ref-invokevirtual.html"/>
   <topic label="ior" href="doc/ref-ior.html"/>
   <topic label="irem" href="doc/ref-irem.html"/>
   <topic label="ireturn" href="doc/ref-ireturn.html"/>
   <topic label="ishl" href="doc/ref-ishl.html"/>
   <topic label="ishr" href="doc/ref-ishr.html"/>
   <topic label="istore" href="doc/ref-istore.html"/>
   <topic label="istore_n" href="doc/ref-istore_n.html"/>
   <topic label="isub" href="doc/ref-isub.html"/>
   <topic label="iushr" href="doc/ref-iushr.html"/>
   <topic label="ixor" href="doc/ref-ixor.html"/>
   <topic label="jsr" href="doc/ref-jsr.html"/>
   <topic label="jsr_w" href="doc/ref-jsr_w.html"/>
   <topic label="l2d" href="doc/ref-l2d.html"/>
   <topic label="l2f" href="doc/ref-l2f.html"/>
   <topic label="l2i" href="doc/ref-l2i.html"/>
   <topic label="ladd" href="doc/ref-ladd.html"/>
   <topic label="laload" href="doc/ref-laload.html"/>
   <topic label="land" href="doc/ref-land.html"/>
   <topic label="lastore" href="doc/ref-lastore.html"/>
   <topic label="lcmp" href="doc/ref-lcmp.html"/>
   <topic label="lconst_l" href="doc/ref-lconst_l.html"/>
   <topic label="ldc" href="doc/ref-ldc.html"/>
   <topic label="ldc2_w" href="doc/ref-ldc2_w.html"/>
   <topic label="ldc_w" href="doc/ref-ldc_w.html"/>
   <topic label="ldiv" href="doc/ref-ldiv.html"/>
   <topic label="lload" href="doc/ref-lload.html"/>
   <topic label="lload_n" href="doc/ref-lload_n.html"/>
   <topic label="lmul" href="doc/ref-lmul.html"/>
   <topic label="lneg" href="doc/ref-lneg.html"/>
   <topic label="lookupswitch" href="doc/ref-lookupswitch.html"/>
   <topic label="lor" href="doc/ref-lor.html"/>
   <topic label="lrem" href="doc/ref-lrem.html"/>
   <topic label="lreturn" href="doc/ref-lreturn.html"/>
   <topic label="lshl" href="doc/ref-lshl.html"/>
   <topic label="lshr" href="doc/ref-lshr.html"/>
   <topic label="lstore" href="doc/ref-lstore.html"/>
   <topic label="lstore_n" href="doc/ref-lstore_n.html"/>
   <topic label="lsub" href="doc/ref-lsub.html"/>
   <topic label="lushr" href="doc/ref-lushr.html"/>
   <topic label="lxor" href="doc/ref-lxor.html"/>
   <topic label="monitorenter" href="doc/ref-monitorenter.html"/>
   <topic label="monitorexit" href="doc/ref-monitorexit.html"/>
   <topic label="multianewarray" href="doc/ref-multianewarray.html"/>
   <topic label="new" href="doc/ref-new.html"/>
   <topic label="newarray" href="doc/ref-newarray.html"/>
   <topic label="nop" href="doc/ref-nop.html"/>
   <topic label="pop" href="doc/ref-pop.html"/>
   <topic label="pop2" href="doc/ref-pop2.html"/>
   <topic label="putfield" href="doc/ref-putfield.html"/>
   <topic label="putstatic" href="doc/ref-putstatic.html"/>
   <topic label="ret" href="doc/ref-ret.html"/>
   <topic label="return" href="doc/ref-return.html"/>
   <topic label="saload" href="doc/ref-saload.html"/>
   <topic label="sastore" href="doc/ref-sastore.html"/>
   <topic label="sipush" href="doc/ref-sipush.html"/>
   <topic label="swap" href="doc/ref-swap.html"/>
   <topic label="tableswitch" href="doc/ref-tableswitch.html"/>
   <topic label="wide" href="doc/ref-wide.html"/>
</toc>